{
    "transfer_learning_test_accuracy": 0.9521999955177307,
    "transfer_learning_test_loss": 0.19373303651809692
}